"RecordID","PengalamanCoding","ToolFavorit","PaketID"
134803,"Menengah","R","ADK3-0A7E8CC8"
537045,"Lanjut","SQL","ADK3-0A7E8CC8"
124384,"Lanjut","Python","ADK3-0A7E8CC8"
812137,"Lanjut","SQL","ADK3-0A7E8CC8"
462933,"Lanjut","Python","ADK3-0A7E8CC8"
505460,"Pemula","SQL","ADK3-0A7E8CC8"
377049,"Menengah","SQL","ADK3-0A7E8CC8"
313699,"Menengah","SQL","ADK3-0A7E8CC8"
185275,"Lanjut","SQL","ADK3-0A7E8CC8"
241713,"Pemula","Python","ADK3-0A7E8CC8"
650560,"Pemula","SQL","ADK3-0A7E8CC8"
786832,"Pemula","Python","ADK3-0A7E8CC8"
632453,"Menengah","Python","ADK3-0A7E8CC8"
987755,"Pemula","Python","ADK3-0A7E8CC8"
728408,"Lanjut","Python","ADK3-0A7E8CC8"
179471,"Lanjut","Python","ADK3-0A7E8CC8"
721900,"Menengah","R","ADK3-0A7E8CC8"
134108,"Lanjut","Python","ADK3-0A7E8CC8"
896794,"Lanjut","Python","ADK3-0A7E8CC8"
198111,"Menengah","Python","ADK3-0A7E8CC8"
752988,"Pemula","Python","ADK3-0A7E8CC8"
294925,"Pemula","R","ADK3-0A7E8CC8"
694919,"Lanjut","Python","ADK3-0A7E8CC8"
862494,"Pemula","R","ADK3-0A7E8CC8"
262824,"Menengah","Python","ADK3-0A7E8CC8"
165198,"Menengah","Python","ADK3-0A7E8CC8"
435296,"Lanjut","Python","ADK3-0A7E8CC8"
321524,"Pemula","R","ADK3-0A7E8CC8"
112334,"Pemula","R","ADK3-0A7E8CC8"
628219,"Pemula","Python","ADK3-0A7E8CC8"
986746,"Menengah","SQL","ADK3-0A7E8CC8"
263072,"Pemula","Python","ADK3-0A7E8CC8"
603687,"Pemula","Python","ADK3-0A7E8CC8"
833828,"Menengah","R","ADK3-0A7E8CC8"
316973,"Lanjut","Python","ADK3-0A7E8CC8"
383917,"Lanjut","Python","ADK3-0A7E8CC8"
877783,"Lanjut","Python","ADK3-0A7E8CC8"
472780,"Menengah","Python","ADK3-0A7E8CC8"
889830,"Pemula","R","ADK3-0A7E8CC8"
203756,"Menengah","Python","ADK3-0A7E8CC8"
947590,"Menengah","Python","ADK3-0A7E8CC8"
428047,"Pemula","Python","ADK3-0A7E8CC8"
318675,"Lanjut","Python","ADK3-0A7E8CC8"
853566,"Pemula","Python","ADK3-0A7E8CC8"
746052,"Pemula","Python","ADK3-0A7E8CC8"
642456,"Pemula","R","ADK3-0A7E8CC8"
370077,"Menengah","Python","ADK3-0A7E8CC8"
687124,"Pemula","R","ADK3-0A7E8CC8"
273357,"Lanjut","Python","ADK3-0A7E8CC8"
847592,"Pemula","R","ADK3-0A7E8CC8"
230621,"Lanjut","Python","ADK3-0A7E8CC8"
861344,"Menengah","SQL","ADK3-0A7E8CC8"
488365,"Pemula","R","ADK3-0A7E8CC8"
150399,"Menengah","Python","ADK3-0A7E8CC8"
654510,"Lanjut","R","ADK3-0A7E8CC8"
510470,"Menengah","Python","ADK3-0A7E8CC8"
426636,"Lanjut","Python","ADK3-0A7E8CC8"
345578,"Pemula","R","ADK3-0A7E8CC8"
395902,"Menengah","Python","ADK3-0A7E8CC8"
916141,"Lanjut","R","ADK3-0A7E8CC8"
446719,"Pemula","SQL","ADK3-0A7E8CC8"
101637,"Menengah","Python","ADK3-0A7E8CC8"
323778,"Pemula","R","ADK3-0A7E8CC8"
627802,"Lanjut","R","ADK3-0A7E8CC8"
674438,"Menengah","SQL","ADK3-0A7E8CC8"
588137,"Menengah","SQL","ADK3-0A7E8CC8"
618257,"Menengah","Python","ADK3-0A7E8CC8"
251725,"Menengah","R","ADK3-0A7E8CC8"
255875,"Pemula","Python","ADK3-0A7E8CC8"
921700,"Pemula","R","ADK3-0A7E8CC8"
254026,"Pemula","R","ADK3-0A7E8CC8"
830371,"Pemula","R","ADK3-0A7E8CC8"
947822,"Menengah","SQL","ADK3-0A7E8CC8"
470017,"Pemula","R","ADK3-0A7E8CC8"
267473,"Menengah","SQL","ADK3-0A7E8CC8"
967427,"Pemula","SQL","ADK3-0A7E8CC8"
726676,"Menengah","R","ADK3-0A7E8CC8"
932176,"Pemula","SQL","ADK3-0A7E8CC8"
614415,"Lanjut","SQL","ADK3-0A7E8CC8"
240995,"Lanjut","Python","ADK3-0A7E8CC8"
239287,"Menengah","Python","ADK3-0A7E8CC8"
994754,"Menengah","R","ADK3-0A7E8CC8"
574728,"Pemula","SQL","ADK3-0A7E8CC8"
422738,"Lanjut","R","ADK3-0A7E8CC8"
853153,"Menengah","R","ADK3-0A7E8CC8"
362199,"Menengah","Python","ADK3-0A7E8CC8"
489227,"Menengah","R","ADK3-0A7E8CC8"
257706,"Menengah","Python","ADK3-0A7E8CC8"
531412,"Lanjut","Python","ADK3-0A7E8CC8"
322963,"Menengah","R","ADK3-0A7E8CC8"
225968,"Pemula","SQL","ADK3-0A7E8CC8"
717561,"Lanjut","Python","ADK3-0A7E8CC8"
956382,"Lanjut","SQL","ADK3-0A7E8CC8"
172398,"Pemula","Python","ADK3-0A7E8CC8"
223489,"Pemula","Python","ADK3-0A7E8CC8"
298510,"Pemula","Python","ADK3-0A7E8CC8"
776451,"Menengah","Python","ADK3-0A7E8CC8"
381408,"Menengah","Python","ADK3-0A7E8CC8"
615682,"Menengah","R","ADK3-0A7E8CC8"
825175,"Lanjut","Python","ADK3-0A7E8CC8"
244045,"Pemula","Python","ADK3-0A7E8CC8"
149066,"Menengah","Python","ADK3-0A7E8CC8"
756150,"Menengah","Python","ADK3-0A7E8CC8"
334118,"Lanjut","Python","ADK3-0A7E8CC8"
767495,"Pemula","R","ADK3-0A7E8CC8"
288905,"Menengah","Python","ADK3-0A7E8CC8"
948642,"Lanjut","Python","ADK3-0A7E8CC8"
252764,"Menengah","R","ADK3-0A7E8CC8"
509796,"Menengah","Python","ADK3-0A7E8CC8"
210525,"Lanjut","Python","ADK3-0A7E8CC8"
776416,"Lanjut","Python","ADK3-0A7E8CC8"
560982,"Menengah","Python","ADK3-0A7E8CC8"
196659,"Lanjut","R","ADK3-0A7E8CC8"
933979,"Menengah","Python","ADK3-0A7E8CC8"
653903,"Lanjut","Python","ADK3-0A7E8CC8"
422124,"Pemula","SQL","ADK3-0A7E8CC8"
558451,"Menengah","Python","ADK3-0A7E8CC8"
744698,"Pemula","SQL","ADK3-0A7E8CC8"
847111,"Pemula","R","ADK3-0A7E8CC8"
252979,"Lanjut","Python","ADK3-0A7E8CC8"
773987,"Menengah","Python","ADK3-0A7E8CC8"
160136,"Pemula","R","ADK3-0A7E8CC8"
461760,"Lanjut","Python","ADK3-0A7E8CC8"
824173,"Lanjut","Python","ADK3-0A7E8CC8"
565284,"Lanjut","R","ADK3-0A7E8CC8"
893673,"Pemula","Python","ADK3-0A7E8CC8"
269594,"Menengah","Python","ADK3-0A7E8CC8"
975116,"Lanjut","Python","ADK3-0A7E8CC8"
725334,"Menengah","Python","ADK3-0A7E8CC8"
868549,"Lanjut","Python","ADK3-0A7E8CC8"
158395,"Menengah","SQL","ADK3-0A7E8CC8"
216565,"Menengah","SQL","ADK3-0A7E8CC8"
299996,"Lanjut","Python","ADK3-0A7E8CC8"
193979,"Lanjut","Python","ADK3-0A7E8CC8"
664491,"Menengah","R","ADK3-0A7E8CC8"
495932,"Lanjut","Python","ADK3-0A7E8CC8"
352281,"Menengah","R","ADK3-0A7E8CC8"
400536,"Pemula","SQL","ADK3-0A7E8CC8"
803550,"Pemula","R","ADK3-0A7E8CC8"
357332,"Lanjut","Python","ADK3-0A7E8CC8"
353225,"Menengah","Python","ADK3-0A7E8CC8"
893812,"Lanjut","SQL","ADK3-0A7E8CC8"
